name,year,served_under,position_title,gender,status,pay_basis,salary
"Lawlor,Bruce M.",2002,Bush administration,SENIOR DIRECTOR PROTECTION AND PREVENTION,Male,Detailee,Per Annum,183372.0
"Bernard,Kenneth",2003,Bush administration,SPECIAL ASSISTANT TO THE PRESIDENT AND SENIOR DIRECTOR FOR BIODEFENSE,Male,Detailee,Per Annum,174000.0
"Allen,Claude A.",2005,Bush administration,ASSISTANT TO THE PRESIDENT FOR DOMESTIC POLICY,Male,Employee,Per Annum,161000.0
"Bartlett,Daniel Joseph",2005,Bush administration,COUNSELOR TO THE PRESIDENT,Male,Employee,Per Annum,161000.0
"Card,Andrew H.,Jr.",2005,Bush administration,ASSISTANT TO THE PRESIDENT AND CHIEF OF STAFF,Male,Employee,Per Annum,161000.0
"Crouch,Jack D.,II",2005,Bush administration,ASSISTANT TO THE PRESIDENT AND DEPUTY NATIONAL SECURITY ADVISOR,Male,Employee,Per Annum,161000.0
"Devenish,Nicolle",2005,Bush administration,ASSISTANT TO THE PRESIDENT FOR COMMUNICATIONS,Female,Employee,Per Annum,161000.0
"Gerson,Michael J.",2005,Bush administration,ASSISTANT TO THE PRESIDENT FOR POLICY AND STRATEGIC PLANNING,Male,Employee,Per Annum,161000.0
"Hadley,Stephen J.",2005,Bush administration,ASSISTANT TO THE PRESIDENT FOR NATIONAL SECURITY AFFAIRS,Male,Employee,Per Annum,161000.0
"Hagin,Joseph W.",2005,Bush administration,ASSISTANT TO THE PRESIDENT AND DEPUTY CHIEF OF STAFF,Male,Employee,Per Annum,161000.0
"Hubbard,Allan B.",2005,Bush administration,"ASSISTANT TO THE PRESIDENT FOR ECONOMIC POLICY AND DIRECTOR, NATIONAL ECONOMIC COUNCIL",Male,Employee,Per Annum,161000.0
"Kavanaugh,Brett M.",2005,Bush administration,ASSISTANT TO THE PRESIDENT AND STAFF SECRETARY,Male,Employee,Per Annum,161000.0
"Libby,I. Lewis",2005,Bush administration,ASSISTANT TO THE PRESIDENT AND CHIEF OF STAFF TO THE VICE PRESIDENT,Male,Employee,Per Annum,161000.0
"McClellan,Scott K.",2005,Bush administration,ASSISTANT TO THE PRESIDENT AND PRESS SECRETARY,Male,Employee,Per Annum,161000.0
"McGurn,William J.",2005,Bush administration,ASSISTANT TO THE PRESIDENT FOR SPEECHWRITING,Male,Employee,Per Annum,161000.0
"Miers,Harriet E.",2005,Bush administration,COUNSEL TO THE PRESIDENT,Female,Employee,Per Annum,161000.0
"Powell,Dina H.",2005,Bush administration,ASSISTANT TO THE PRESIDENT FOR PRESIDENTIAL PERSONNEL,Female,Employee,Per Annum,161000.0
"Rove,Karl C.",2005,Bush administration,"ASSISTANT TO THE PRESIDENT, DEPUTY CHIEF OF STAFF AND SENIOR ADVISOR",Male,Employee,Per Annum,161000.0
"Towey,H. James,II",2005,Bush administration,ASSISTANT TO THE PRESIDENT AND DIRECTOR OF THE OFFICE OF FAITH-BASED AND COMMUNITY INITIATIVES,Male,Employee,Per Annum,161000.0
"Townsend,Frances Fragos",2005,Bush administration,ASSISTANT TO THE PRESIDENT FOR HOMELAND SECURITY AND COUNTERTERRORISM,Female,Employee,Per Annum,161000.0
"Wolff,Candida Perotti",2005,Bush administration,ASSISTANT TO THE PRESIDENT FOR LEGISLATIVE AFFAIRS,Female,Employee,Per Annum,161000.0
"Bartlett,Daniel Joseph",2006,Bush administration,COUNSELOR TO THE PRESIDENT,Male,Employee,Per Annum,165200.0
"Bolten,Joshua B.",2006,Bush administration,ASSISTANT TO THE PRESIDENT AND CHIEF OF STAFF,Male,Employee,Per Annum,165200.0
"Crouch,Jack D.,II",2006,Bush administration,ASSISTANT TO THE PRESIDENT AND DEPUTY NATIONAL SECURITY ADVISOR,Male,Employee,Per Annum,165200.0
"Hadley,Stephen J.",2006,Bush administration,ASSISTANT TO THE PRESIDENT FOR NATIONAL SECURITY AFFAIRS,Male,Employee,Per Annum,165200.0
"Hagin,Joseph W.",2006,Bush administration,ASSISTANT TO THE PRESIDENT AND DEPUTY CHIEF OF STAFF,Male,Employee,Per Annum,165200.0
"Hubbard,Allan B.",2006,Bush administration,"ASSISTANT TO THE PRESIDENT FOR ECONOMIC POLICY AND DIRECTOR, NATIONAL ECONOMIC COUNCIL",Male,Employee,Per Annum,165200.0
"Kaplan,Joel D.",2006,Bush administration,ASSISTANT TO THE PRESIDENT AND DEPUTY CHIEF OF STAFF FOR POLICY,Male,Employee,Per Annum,165200.0
"McGurn,William J.",2006,Bush administration,ASSISTANT TO THE PRESIDENT FOR SPEECHWRITING,Male,Employee,Per Annum,165200.0
"Miers,Harriet E.",2006,Bush administration,COUNSEL TO THE PRESIDENT,Female,Employee,Per Annum,165200.0
"Renner,Liza Wright",2006,Bush administration,ASSISTANT TO THE PRESIDENT FOR PRESIDENTIAL PERSONNEL,Female,Employee,Per Annum,165200.0
"Rove,Karl C.",2006,Bush administration,"ASSISTANT TO THE PRESIDENT, DEPUTY CHIEF OF STAFF AND SENIOR ADVISOR",Male,Employee,Per Annum,165200.0
"Snow,Robert A.",2006,Bush administration,ASSISTANT TO THE PRESIDENT AND PRESS SECRETARY,Male,Employee,Per Annum,165200.0
"Townsend,Frances Fragos",2006,Bush administration,ASSISTANT TO THE PRESIDENT FOR HOMELAND SECURITY AND CNTRTRSM,Female,Employee,Per Annum,165200.0
"Wallace,Nicolle",2006,Bush administration,ASSISTANT TO THE PRESIDENT FOR COMMUNICATIONS,Female,Employee,Per Annum,165200.0
"Wolff,Candida Perotti",2006,Bush administration,ASSISTANT TO THE PRESIDENT FOR LEGISLATIVE AFFAIRS,Female,Employee,Per Annum,165200.0
"Yanes,Raul Francisco",2006,Bush administration,ASSISTANT TO THE PRESIDENT AND STAFF SECRETARY,Male,Employee,Per Annum,165200.0
"Zinsmeister,Walter Karl",2006,Bush administration,ASSISTANT TO THE PRESIDENT FOR DOMESTIC POLICY,Male,Employee,Per Annum,165200.0
"Bartlett,Daniel Joseph",2007,Bush administration,COUNSELOR TO THE PRESIDENT,Male,Employee,Per Annum,168000.0
"Bolten,Joshua B.",2007,Bush administration,ASSISTANT TO THE PRESIDENT AND CHIEF OF STAFF,Male,Employee,Per Annum,168000.0
"Fielding,Fred F.",2007,Bush administration,COUNSEL TO THE PRESIDENT,Male,Employee,Per Annum,168000.0
"Gillespie,Edward W.",2007,Bush administration,COUNSELOR TO THE PRESIDENT,Male,Employee,Per Annum,168000.0
"Hadley,Stephen J.",2007,Bush administration,ASSISTANT TO THE PRESIDENT FOR NATIONAL SECURITY AFFAIRS,Male,Employee,Per Annum,168000.0
"Hagin,Joseph W.",2007,Bush administration,ASSISTANT TO THE PRESIDENT & DEPUTY CHIEF OF STAFF,Male,Employee,Per Annum,168000.0
"Hubbard,Allan B.",2007,Bush administration,"ASSISTANT TO THE PRESIDENT FOR ECONOMIC POLICY & DIRECTOR, NATIONAL ECONOMIC COUNCIL",Male,Employee,Per Annum,168000.0
"Kaplan,Joel D.",2007,Bush administration,ASSISTANT TO THE PRESIDENT AND DEPUTY CHIEF OF STAFF FOR POLICY,Male,Employee,Per Annum,168000.0
"McBride,Anita B.",2007,Bush administration,ASSISTANT TO THE PRESIDENT AND CHIEF OF STAFF TO THE FIRST LADY,Female,Employee,Per Annum,168000.0
"McGurn,William J.",2007,Bush administration,ASSISTANT TO THE PRESIDENT FOR SPEECHWRITING,Male,Employee,Per Annum,168000.0
"Renner,Liza Wright",2007,Bush administration,ASSISTANT TO THE PRESIDENT FOR PRESIDENTIAL PERSONNEL,Female,Employee,Per Annum,168000.0
"Rove,Karl C.",2007,Bush administration,"ASSISTANT TO THE PRESIDENT, DEPUTY CHIEF OF STAFF & SENIOR ADVISOR",Male,Employee,Per Annum,168000.0
"Snow,Robert A.",2007,Bush administration,ASSISTANT TO THE PRESIDENT & PRESS SECRETARY,Male,Employee,Per Annum,168000.0
"Sullivan,Kevin F.",2007,Bush administration,ASSISTANT TO THE PRESIDENT FOR COMMUNICATIONS,Male,Employee,Per Annum,168000.0
"Townsend,Frances Fragos",2007,Bush administration,ASSISTANT TO THE PRESIDENT FOR HOMELAND SECURITY & COUNTERTERRORISM,Female,Employee,Per Annum,168000.0
"Wolff,Candida Perotti",2007,Bush administration,ASSISTANT TO THE PRESIDENT FOR LEGISLATIVE AFFAIRS,Female,Employee,Per Annum,168000.0
"Yanes,Raul Francisco",2007,Bush administration,ASSISTANT TO THE PRESIDENT AND STAFF SECRETARY,Male,Employee,Per Annum,168000.0
"Zinsmeister,Walter Karl",2007,Bush administration,ASSISTANT TO THE PRESIDENT FOR DOMESTIC POLICY,Male,Employee,Per Annum,168000.0
"Bolten,Joshua B.",2008,Bush administration,ASSISTANT TO THE PRESIDENT AND CHIEF OF STAFF,Male,Employee,Per Annum,172200.0
"Donahue,Thomas Joseph",2008,Bush administration,"DIRECTOR, CYBER POLICY",Male,Detailee,Per Annum,158528.0
"Fielding,Fred F.",2008,Bush administration,COUNSEL TO THE PRESIDENT,Male,Employee,Per Annum,172200.0
"Gillespie,Edward W.",2008,Bush administration,COUNSELOR TO THE PRESIDENT,Male,Employee,Per Annum,172200.0
"Gregor,Joie A.",2008,Bush administration,ASSISTANT TO THE PRESIDENT FOR PRESIDENTIAL PERSONNEL,Female,Employee,Per Annum,172200.0
"Hadley,Stephen J.",2008,Bush administration,ASSISTANT TO THE PRESIDENT FOR NATIONAL SECURITY AFFAIRS,Male,Employee,Per Annum,172200.0
"Hagin,Joseph W.",2008,Bush administration,ASSISTANT TO THE PRESIDENT AND DEPUTY CHIEF OF STAFF,Male,Employee,Per Annum,172200.0
"Hennessey,Keith B.",2008,Bush administration,"ASSISTANT TO THE PRESIDENT FOR ECONOMIC POLICY AND DIRECTOR, NATIONAL ECONOMIC COUNCIL",Male,Employee,Per Annum,172200.0
"Jackson,Barry S.",2008,Bush administration,ASSISTANT TO THE PRESIDENT FOR STRATEGIC INITIATIVES AND EXTERNAL AFFAIRS,Male,Employee,Per Annum,172200.0
"Kaplan,Joel D.",2008,Bush administration,ASSISTANT TO THE PRESIDENT AND DEPUTY CHIEF OF STAFF FOR POLICY,Male,Employee,Per Annum,172200.0
"McBride,Anita B.",2008,Bush administration,ASSISTANT TO THE PRESIDENT AND CHIEF OF STAFF TO THE FIRST LADY,Female,Employee,Per Annum,172200.0
"Meyer,Daniel P.",2008,Bush administration,ASSISTANT TO THE PRESIDENT FOR LEGISLATIVE AFFAIRS,Male,Employee,Per Annum,172200.0
"Perino,Dana M.",2008,Bush administration,ASSISTANT TO THE PRESIDENT AND PRESS SECRETARY,Female,Employee,Per Annum,172200.0
"Price,Daniel M.",2008,Bush administration,ASSISTANT TO PRESIDENT FOR INTERNATIONAL ECONOMIC AFFAIRS AND DEPUTY NATIONAL SECURITY ADVISOR FOR INTERNATIONAL ECONOMIC AFFAIRS,Male,Employee,Per Annum,172200.0
"Sullivan,Kevin F.",2008,Bush administration,ASSISTANT TO THE PRESIDENT FOR COMMUNICATIONS,Male,Employee,Per Annum,172200.0
"Thiessen,Marc A.",2008,Bush administration,ASSISTANT TO THE PRESIDENT FOR SPEECHWRITING,Male,Employee,Per Annum,172200.0
"Wainstein,Kenneth L.",2008,Bush administration,ASSISTANT TO THE PRESIDENT FOR HOMELAND SECURITY AND COUNTERTERRORISM,Male,Employee,Per Annum,172200.0
"Yanes,Raul Francisco",2008,Bush administration,ASSISTANT TO THE PRESIDENT AND STAFF SECRETARY,Male,Employee,Per Annum,172200.0
"Zinsmeister,Walter Karl",2008,Bush administration,ASSISTANT TO THE PRESIDENT FOR DOMESTIC POLICY,Male,Employee,Per Annum,172200.0
"Avery,Heidi E.",2009,Obama Administration,SPECIAL ADVISOR TO THE ASSISTANT TO THE PRESIDENT/DEPUTY NATIONAL SECURITY ADVISOR,Female,Detailee,Per Annum,162326.0
"Axelrod,David M.",2009,Obama Administration,ASSISTANT TO THE PRESIDENT AND SENIOR ADVISOR,Male,Employee,Per Annum,172200.0
"Barnes,Melody C.",2009,Obama Administration,ASSISTANT TO THE PRESIDENT AND DIRECTOR OF THE DOMESTIC POLICY COUNCIL,Female,Employee,Per Annum,172200.0
"Brennan,John O.",2009,Obama Administration,ASSISTANT TO THE PRESIDENT AND DEPUTY NATIONAL SECURITY ADVISOR FOR COUNTERTERRORISM AND HOMELAND SECURITY,Male,Employee,Per Annum,172200.0
"Brown,Elizabeth M.",2009,Obama Administration,ASSISTANT TO THE PRESIDENT AND STAFF SECRETARY,Female,Employee,Per Annum,172200.0
"Browner,Carol M.",2009,Obama Administration,ASSISTANT TO THE PRESIDENT FOR ENERGY AND CLIMATE CHANGE,Female,Employee,Per Annum,172200.0
"Canter,Virginia R.",2009,Obama Administration,COUNSEL,Female,Detailee,Per Annum,163940.0
"Craig,Gregory B.",2009,Obama Administration,ASSISTANT TO THE PRESIDENT AND COUNSEL TO THE PRESIDENT,Male,Employee,Per Annum,172200.0
"Donahue,Thomas Joseph",2009,Obama Administration,"DIRECTOR, CYBER POLICY",Male,Detailee,Per Annum,162406.0
"Donilon,Thomas E.",2009,Obama Administration,ASSISTANT TO THE PRESIDENT AND DEPUTY NATIONAL SECURITY ADVISOR,Male,Employee,Per Annum,172200.0
"Dunn,Anita B.",2009,Obama Administration,ASSISTANT TO THE PRESIDENT AND DIRECTOR OF COMMUNICATIONS,Female,Employee,Per Annum,172200.0
"Emanuel,Rahm I.",2009,Obama Administration,ASSISTANT TO THE PRESIDENT AND CHIEF OF STAFF,Male,Employee,Per Annum,172200.0
"Favreau,Jonathan E.",2009,Obama Administration,ASSISTANT TO THE PRESIDENT AND DIRECTOR OF SPEECHWRITING,Male,Employee,Per Annum,172200.0
"Gaspard,Patrick H.",2009,Obama Administration,ASSISTANT TO THE PRESIDENT AND DIRECTOR OF POLITICAL AFFAIRS,Male,Employee,Per Annum,172200.0
"Gibbs,Robert L.",2009,Obama Administration,ASSISTANT TO THE PRESIDENT AND PRESS SECRETARY,Male,Employee,Per Annum,172200.0
"Gips,Donald H.",2009,Obama Administration,ASSISTANT TO THE PRESIDENT AND DIRECTOR OF PRESIDENTIAL PERSONNEL,Male,Employee,Per Annum,162900.0
"Jarrett,Valerie B.",2009,Obama Administration,SENIOR ADVISOR AND ASSISTANT TO THE PRESIDENT FOR INTERGOVERNMENTAL AFFAIRS AND PUBLIC ENGAGEMENT,Female,Employee,Per Annum,172200.0
"Jones,James L.",2009,Obama Administration,NATIONAL SECURITY ADVISOR,Male,Employee,Per Annum,172200.0
"Kiley,Bradley J.",2009,Obama Administration,ASSISTANT TO THE PRESIDENT FOR MANAGEMENT AND ADMINISTRATION,Male,Employee,Per Annum,162900.0
"Lu,Christopher P.",2009,Obama Administration,ASSISTANT TO THE PRESIDENT AND CABINET SECRETARY,Male,Employee,Per Annum,172200.0
"Marcozzi,David E.",2009,Obama Administration,"DIRECTOR, PUBLIC HEALTH POLICY",Male,Detailee,Per Annum,192934.0
"Mastromonaco,Alyssa M.",2009,Obama Administration,ASSISTANT TO THE PRESIDENT AND DIRECTOR OF SCHEDULING AND ADVANCE,Female,Employee,Per Annum,172200.0
"Messina,James A.",2009,Obama Administration,ASSISTANT TO THE PRESIDENT AND DEPUTY CHIEF OF STAFF FOR OPERATIONS,Male,Employee,Per Annum,172200.0
"Rouse,Peter M.",2009,Obama Administration,ASSISTANT TO THE PRESIDENT AND SENIOR ADVISOR,Male,Employee,Per Annum,172200.0
"Schiliro,Philip M.",2009,Obama Administration,"ASSISTANT TO THE PRESIDENT AND DIRECTOR, OFFICE OF LEGISLATIVE AFFAIRS",Male,Employee,Per Annum,172200.0
"Sher,Susan S.",2009,Obama Administration,ASSISTANT TO THE PRESIDENT AND CHIEF OF STAFF TO THE FIRST LADY,Female,Employee,Per Annum,172200.0
"Summers,Lawrence H.",2009,Obama Administration,ASSISTANT TO THE PRESIDENT FOR ECONOMIC POLICY AND DIRECTOR OF THE NATIONAL ECONOMIC COUNCIL,Male,Employee,Per Annum,172200.0
"Sutphen,Mona K.",2009,Obama Administration,ASSISTANT TO THE PRESIDENT AND DEPUTY CHIEF OF STAFF FOR POLICY,Female,Employee,Per Annum,172200.0
"Axelrod,David M.",2010,Obama Administration,ASSISTANT TO THE PRESIDENT AND SENIOR ADVISOR,Male,Employee,Per Annum,172200.0
"Barnes,Melody C.",2010,Obama Administration,ASSISTANT TO THE PRESIDENT AND DIRECTOR OF THE DOMESTIC POLICY COUNCIL,Female,Employee,Per Annum,172200.0
"Bauer,Robert F.",2010,Obama Administration,ASSISTANT TO THE PRESIDENT AND COUNSEL TO THE PRESIDENT,Male,Employee,Per Annum,172200.0
"Brennan,John O.",2010,Obama Administration,ASSISTANT TO THE PRESIDENT FOR HOMELAND SECURITY AND COUNTERTERRORISM,Male,Employee,Per Annum,172200.0
"Brown,Elizabeth M.",2010,Obama Administration,ASSISTANT TO THE PRESIDENT AND STAFF SECRETARY,Female,Employee,Per Annum,172200.0
"Browner,Carol M.",2010,Obama Administration,ASSISTANT TO THE PRESIDENT FOR ENERGY AND CLIMATE CHANGE,Female,Employee,Per Annum,172200.0
"Cutter,Stephanie A.",2010,Obama Administration,ASSISTANT TO THE PRESIDENT FOR SPECIAL PROJECTS,Female,Employee,Per Annum,172200.0
"Donilon,Thomas E.",2010,Obama Administration,ASSISTANT TO THE PRESIDENT AND DEPUTY NATIONAL SECURITY ADVISOR,Male,Employee,Per Annum,172200.0
"Emanuel,Rahm I.",2010,Obama Administration,ASSISTANT TO THE PRESIDENT AND CHIEF OF STAFF,Male,Employee,Per Annum,172200.0
"Favreau,Jonathan E.",2010,Obama Administration,ASSISTANT TO THE PRESIDENT AND DIRECTOR OF SPEECHWRITING,Male,Employee,Per Annum,172200.0
"Gaspard,Patrick H.",2010,Obama Administration,ASSISTANT TO THE PRESIDENT AND DIRECTOR OF POLITICAL AFFAIRS,Male,Employee,Per Annum,172200.0
"Gibbs,Robert L.",2010,Obama Administration,ASSISTANT TO THE PRESIDENT AND PRESS SECRETARY,Male,Employee,Per Annum,172200.0
"Hash,Michael M.",2010,Obama Administration,DEPUTY DIRECTOR,Male,Detailee,Per Annum,179700.0
"Jarrett,Valerie B.",2010,Obama Administration,SENIOR ADVISOR AND ASSISTANT TO THE PRESIDENT FOR INTERGOVERNMENTAL AFFAIRS AND PUBLIC ENGAGEMENT,Female,Employee,Per Annum,172200.0
"Jones,James L.",2010,Obama Administration,NATIONAL SECURITY ADVISOR,Male,Employee,Per Annum,172200.0
"Kiley,Bradley J.",2010,Obama Administration,ASSISTANT TO THE PRESIDENT FOR MANAGEMENT AND ADMINISTRATION,Male,Employee,Per Annum,162900.0
"Love,Timothy P.",2010,Obama Administration,POLICY DIRECTOR,Male,Detailee,Per Annum,179700.0
"Lu,Christopher P.",2010,Obama Administration,ASSISTANT TO THE PRESIDENT AND CABINET SECRETARY,Male,Employee,Per Annum,172200.0
"Massey,Katherine",2010,Obama Administration,SENIOR POLICY DIRECTOR,Female,Detailee,Per Annum,165000.0
"Mastromonaco,Alyssa M.",2010,Obama Administration,ASSISTANT TO THE PRESIDENT AND DIRECTOR OF SCHEDULING AND ADVANCE,Female,Employee,Per Annum,172200.0
"Messina,James A.",2010,Obama Administration,ASSISTANT TO THE PRESIDENT AND DEPUTY CHIEF OF STAFF FOR OPERATIONS,Male,Employee,Per Annum,172200.0
"Nabors,Robert L.,II",2010,Obama Administration,DEPUTY ASSISTANT TO THE PRESIDENT AND SENIOR ADVISOR TO THE CHIEF OF STAFF,Male,Employee,Per Annum,162500.0
"Pfeiffer,Howard D.",2010,Obama Administration,ASSISTANT TO THE PRESIDENT AND DIRECTOR OF COMMUNICATIONS,Male,Employee,Per Annum,172200.0
"Rouse,Peter M.",2010,Obama Administration,ASSISTANT TO THE PRESIDENT AND SENIOR ADVISOR,Male,Employee,Per Annum,172200.0
"Schiliro,Philip M.",2010,Obama Administration,"ASSISTANT TO THE PRESIDENT AND DIRECTOR, OFFICE OF LEGISLATIVE AFFAIRS",Male,Employee,Per Annum,172200.0
"Sher,Susan S.",2010,Obama Administration,"ASSISTANT TO THE PRESIDENT, CHIEF OF STAFF TO THE FIRST LADY AND COUNSEL",Female,Employee,Per Annum,172200.0
"Summers,Lawrence H.",2010,Obama Administration,ASSISTANT TO THE PRESIDENT FOR ECONOMIC POLICY AND DIRECTOR OF THE NATIONAL ECONOMIC COUNCIL,Male,Employee,Per Annum,172200.0
"Sutphen,Mona K.",2010,Obama Administration,ASSISTANT TO THE PRESIDENT AND DEPUTY CHIEF OF STAFF FOR POLICY,Female,Employee,Per Annum,172200.0
"Weiser,Philip J.",2010,Obama Administration,SENIOR ADVISOR FOR TECHNOLOGY AND INNOVATION TO THE NATIONAL ECONOMIC COUNCIL DIRECTOR,Male,Detailee,Per Annum,172000.0
"Barnes,Melody C.",2011,Obama Administration,ASSISTANT TO THE PRESIDENT AND DIRECTOR OF THE DOMESTIC POLICY COUNCIL,Female,Employee,Per Annum,172200.0
"Bloom,Ron A.",2011,Obama Administration,ASSISTANT TO THE PRESIDENT FOR MANUFACTURING POLICY,Male,Employee,Per Annum,163000.0
"Brennan,John O.",2011,Obama Administration,ASSISTANT TO THE PRESIDENT FOR HOMELAND SECURITY AND COUNTERTERRORISM,Male,Employee,Per Annum,172200.0
"Carney,James F.",2011,Obama Administration,ASSISTANT TO THE PRESIDENT AND PRESS SECRETARY,Male,Employee,Per Annum,172200.0
"Cutter,Stephanie A.",2011,Obama Administration,ASSISTANT TO THE PRESIDENT AND DEPUTY SENIOR ADVISOR,Female,Employee,Per Annum,172200.0
"Daley,William M.",2011,Obama Administration,ASSISTANT TO THE PRESIDENT AND CHIEF OF STAFF,Male,Employee,Per Annum,172200.0
"DeParle,Nancy-Ann Min",2011,Obama Administration,ASSISTANT TO THE PRESIDENT AND DEPUTY CHIEF OF STAFF FOR POLICY,Male,Employee,Per Annum,172200.0
"Donilon,Thomas E.",2011,Obama Administration,ASSISTANT TO THE PRESIDENT AND NATIONAL SECURITY ADVISOR,Male,Employee,Per Annum,172200.0
"Favreau,Jonathan E.",2011,Obama Administration,ASSISTANT TO THE PRESIDENT AND DIRECTOR OF SPEECHWRITING,Male,Employee,Per Annum,172200.0
"Jarrett,Valerie B.",2011,Obama Administration,SENIOR ADVISOR AND ASSISTANT TO THE PRESIDENT FOR INTERGOVERNMENTAL AFFAIRS AND PUBLIC ENGAGEMENT,Female,Employee,Per Annum,172200.0
"Kiley,Bradley J.",2011,Obama Administration,ASSISTANT TO THE PRESIDENT FOR MANAGEMENT AND ADMINISTRATION,Male,Employee,Per Annum,162900.0
"Lane,David J.",2011,Obama Administration,ASSISTANT TO THE PRESIDENT AND COUNSELOR TO THE CHIEF OF STAFF,Male,Employee,Per Annum,172200.0
"Lu,Christopher P.",2011,Obama Administration,ASSISTANT TO THE PRESIDENT AND CABINET SECRETARY,Male,Employee,Per Annum,172200.0
"Mastromonaco,Alyssa M.",2011,Obama Administration,ASSISTANT TO THE PRESIDENT AND DEPUTY CHIEF OF STAFF FOR OPERATIONS,Female,Employee,Per Annum,172200.0
"McDonough,Denis R.",2011,Obama Administration,ASSISTANT TO THE PRESIDENT AND DEPUTY NATIONAL SECURITY ADVISOR,Male,Employee,Per Annum,172200.0
"McKalip,Douglas J.",2011,Obama Administration,SENIOR POLICY ADVISOR,Male,Detailee,Per Annum,165300.0
"Nabors,Robert L.,II",2011,Obama Administration,ASSISTANT TO THE PRESIDENT AND DIRECTOR OFFICE OF LEGISLATIVE AFFAIRS,Male,Employee,Per Annum,172200.0
"Pfeiffer,Howard D.",2011,Obama Administration,ASSISTANT TO THE PRESIDENT AND DIRECTOR OF COMMUNICATIONS,Male,Employee,Per Annum,172200.0
"Plouffe,David A.",2011,Obama Administration,ASSISTANT TO THE PRESIDENT AND SENIOR ADVISOR,Male,Employee,Per Annum,172200.0
"Rouse,Peter M.",2011,Obama Administration,COUNSELOR TO THE PRESIDENT,Male,Employee,Per Annum,172200.0
"Ruemmler,Kathryn H.",2011,Obama Administration,ASSISTANT TO THE PRESIDENT AND COUNSEL TO THE PRESIDENT,Female,Employee,Per Annum,172200.0
"Schiliro,Philip M.",2011,Obama Administration,ASSISTANT TO THE PRESIDENT AND SPECIAL ADVISOR,Male,Employee,Per Annum,172200.0
"Sperling,Eugene B.",2011,Obama Administration,ASSISTANT TO THE PRESIDENT FOR ECONOMIC POLICY AND DIRECTOR OF THE NATIONAL ECONOMIC COUNCIL,Male,Employee,Per Annum,172200.0
"Tchen,Christina M.",2011,Obama Administration,ASSISTANT TO THE PRESIDENT AND CHIEF OF STAFF TO THE FIRST LADY,Female,Employee,Per Annum,172200.0
"Brennan,John O.",2012,Obama Administration,ASSISTANT TO THE PRESIDENT FOR HOMELAND SECURITY AND COUNTERTERRORISM,Male,Employee,Per Annum,172200.0
"Carney,James F.",2012,Obama Administration,ASSISTANT TO THE PRESIDENT AND PRESS SECRETARY,Male,Employee,Per Annum,172200.0
"Childress,Mark B.",2012,Obama Administration,ASSISTANT TO THE PRESIDENT AND DEPUTY CHIEF OF STAFF FOR PLANNING,Male,Employee,Per Annum,172200.0
"DeParle,Nancy-Ann Min",2012,Obama Administration,ASSISTANT TO THE PRESIDENT AND DEPUTY CHIEF OF STAFF FOR POLICY,Female,Employee,Per Annum,172200.0
"Donilon,Thomas E.",2012,Obama Administration,ASSISTANT TO THE PRESIDENT AND NATIONAL SECURITY ADVISOR,Male,Employee,Per Annum,172200.0
"Favreau,Jonathan E.",2012,Obama Administration,ASSISTANT TO THE PRESIDENT AND DIRECTOR OF SPEECHWRITING,Male,Employee,Per Annum,172200.0
"Froman,Michael B.",2012,Obama Administration,ASSISTANT TO THE PRESIDENT AND DEPUTY NATIONAL SECURITY ADVISOR FOR INTERNATIONAL ECONOMICS,Male,Employee,Per Annum,172200.0
"Hogan,Nancy D.",2012,Obama Administration,ASSISTANT TO THE PRESIDENT AND DIRECTOR OF PRESIDENTIAL PERSONNEL,Female,Employee,Per Annum,162900.0
"Jarrett,Valerie B.",2012,Obama Administration,SENIOR ADVISOR AND ASSISTANT TO THE PRESIDENT FOR INTERGOVERNMENTAL AFFAIRS AND PUBLIC ENGAGEMENT,Female,Employee,Per Annum,172200.0
"Kiley,Bradley J.",2012,Obama Administration,ASSISTANT TO THE PRESIDENT FOR MANAGEMENT AND ADMINISTRATION,Male,Employee,Per Annum,162900.0
"Lew,Jacob J.",2012,Obama Administration,ASSISTANT TO THE PRESIDENT AND CHIEF OF STAFF,Male,Employee,Per Annum,172200.0
"Lu,Christopher P.",2012,Obama Administration,ASSISTANT TO THE PRESIDENT AND CABINET SECRETARY,Male,Employee,Per Annum,172200.0
"Mastromonaco,Alyssa M.",2012,Obama Administration,ASSISTANT TO THE PRESIDENT AND DEPUTY CHIEF OF STAFF FOR OPERATIONS,Female,Employee,Per Annum,172200.0
"McDonough,Denis R.",2012,Obama Administration,ASSISTANT TO THE PRESIDENT AND DEPUTY NATIONAL SECURITY ADVISOR,Male,Employee,Per Annum,172200.0
"McKalip,Douglas J.",2012,Obama Administration,SENIOR POLICY ADVISOR,Male,Detailee,Per Annum,165300.0
"Muñoz,Cecilia",2012,Obama Administration,ASSISTANT TO THE PRESIDENT AND DIRECTOR OF THE DOMESTIC POLICY COUNCIL,Female,Employee,Per Annum,172200.0
"Nabors,Robert L.,II",2012,Obama Administration,"ASSISTANT TO THE PRESIDENT AND DIRECTOR, OFFICE OF LEGISLATIVE AFFAIRS",Male,Employee,Per Annum,172200.0
"Pfeiffer,Howard D.",2012,Obama Administration,ASSISTANT TO THE PRESIDENT AND DIRECTOR OF COMMUNICATIONS,Male,Employee,Per Annum,172200.0
"Plouffe,David A.",2012,Obama Administration,ASSISTANT TO THE PRESIDENT AND SENIOR ADVISOR,Male,Employee,Per Annum,172200.0
"Rouse,Peter M.",2012,Obama Administration,COUNSELOR TO THE PRESIDENT,Male,Employee,Per Annum,172200.0
"Ruemmler,Kathryn H.",2012,Obama Administration,ASSISTANT TO THE PRESIDENT AND COUNSEL TO THE PRESIDENT,Female,Employee,Per Annum,172200.0
"Sperling,Eugene B.",2012,Obama Administration,ASSISTANT TO THE PRESIDENT FOR ECONOMIC POLICY AND DIRECTOR OF THE NATIONAL ECONOMIC COUNCIL,Male,Employee,Per Annum,172200.0
"Tchen,Christina M.",2012,Obama Administration,ASSISTANT TO THE PRESIDENT AND CHIEF OF STAFF TO THE FIRST LADY,Female,Employee,Per Annum,172200.0
"Blinken,Antony J.",2013,Obama Administration,ASSISTANT TO THE PRESIDENT AND DEPUTY NATIONAL SECURITY ADVISOR,Male,Employee,Per Annum,172200.0
"Carney,James F.",2013,Obama Administration,ASSISTANT TO THE PRESIDENT AND PRESS SECRETARY,Male,Employee,Per Annum,172200.0
"Childress,Mark B.",2013,Obama Administration,ASSISTANT TO THE PRESIDENT AND DEPUTY CHIEF OF STAFF FOR PLANNING,Male,Employee,Per Annum,172200.0
"Crutchfield,Danielle M.",2013,Obama Administration,ASSISTANT TO THE PRESIDENT AND DIRECTOR OF SCHEDULING AND ADVANCE,Female,Employee,Per Annum,172200.0
"Donilon,Thomas E.",2013,Obama Administration,ASSISTANT TO THE PRESIDENT AND NATIONAL SECURITY ADVISOR,Male,Employee,Per Annum,172200.0
"Gray,Danielle C.",2013,Obama Administration,ASSISTANT TO THE PRESIDENT AND CABINET SECRETARY,Female,Employee,Per Annum,172200.0
"Hogan,Nancy D.",2013,Obama Administration,ASSISTANT TO THE PRESIDENT AND DIRECTOR OF PRESIDENTIAL PERSONNEL,Female,Employee,Per Annum,162900.0
"Jarrett,Valerie B.",2013,Obama Administration,SENIOR ADVISOR AND ASSISTANT TO THE PRESIDENT FOR INTERGOVERNMENTAL AFFAIRS AND PUBLIC ENGAGEMENT,Female,Employee,Per Annum,172200.0
"Kale,Katy A.",2013,Obama Administration,ASSISTANT TO THE PRESIDENT FOR MANAGEMENT AND ADMINISTRATION,Female,Employee,Per Annum,172200.0
"Keenan,Cody S.",2013,Obama Administration,ASSISTANT TO THE PRESIDENT AND DIRECTOR OF SPEECHWRITING,Male,Employee,Per Annum,172200.0
"Mastromonaco,Alyssa M.",2013,Obama Administration,ASSISTANT TO THE PRESIDENT AND DEPUTY CHIEF OF STAFF FOR OPERATIONS,Female,Employee,Per Annum,172200.0
"McDonough,Denis R.",2013,Obama Administration,ASSISTANT TO THE PRESIDENT AND CHIEF OF STAFF,Male,Employee,Per Annum,172200.0
"Monaco,Lisa O.",2013,Obama Administration,ASSISTANT TO THE PRESIDENT FOR HOMELAND SECURITY AND COUNTERTERRORISM AND DEPUTY NATIONAL SECURITY ADVISOR,Female,Employee,Per Annum,172200.0
"Montoya,Elisa D.",2013,Obama Administration,NATIONAL SECURITY DIRECTOR FOR PRESIDENTIAL PERSONNEL,Female,Detailee,Per Annum,162400.0
"Muñoz,Cecilia",2013,Obama Administration,ASSISTANT TO THE PRESIDENT AND DIRECTOR OF THE DOMESTIC POLICY COUNCIL,Female,Employee,Per Annum,172200.0
"Nabors,Robert L.,II",2013,Obama Administration,ASSISTANT TO THE PRESIDENT AND DEPUTY CHIEF OF STAFF FOR POLICY,Male,Employee,Per Annum,172200.0
"Palmieri,Jennifer M.",2013,Obama Administration,ASSISTANT TO THE PRESIDENT AND DIRECTOR OF COMMUNICATIONS,Female,Employee,Per Annum,172200.0
"Pfeiffer,Howard D.",2013,Obama Administration,ASSISTANT TO THE PRESIDENT AND SENIOR ADVISOR,Male,Employee,Per Annum,172200.0
"Rodriguez,Miguel E.",2013,Obama Administration,"ASSISTANT TO THE PRESIDENT AND DIRECTOR, OFFICE OF LEGISLATIVE AFFAIRS",Male,Employee,Per Annum,172200.0
"Rouse,Peter M.",2013,Obama Administration,COUNSELOR TO THE PRESIDENT,Male,Employee,Per Annum,172200.0
"Ruemmler,Kathryn H.",2013,Obama Administration,ASSISTANT TO THE PRESIDENT AND COUNSEL TO THE PRESIDENT,Female,Employee,Per Annum,172200.0
"Simas,David M.",2013,Obama Administration,ASSISTANT TO THE PRESIDENT AND DEPUTY SENIOR ADVISOR FOR COMMUNICATIONS AND STRATEGY,Male,Employee,Per Annum,172200.0
"Sperling,Eugene B.",2013,Obama Administration,ASSISTANT TO THE PRESIDENT FOR ECONOMIC POLICY AND DIRECTOR OF THE NATIONAL ECONOMIC COUNCIL,Male,Employee,Per Annum,172200.0
"Tchen,Christina M.",2013,Obama Administration,ASSISTANT TO THE PRESIDENT AND CHIEF OF STAFF TO THE FIRST LADY,Female,Employee,Per Annum,172200.0
"Wheeler,Seth F.",2013,Obama Administration,SENIOR POLICY ADVISOR,Male,Detailee,Per Annum,225000.0
"Blinken,Antony J.",2014,Obama Administration,ASSISTANT TO THE PRESIDENT AND DEPUTY NATIONAL SECURITY ADVISOR,Male,Employee,Per Annum,172200.0
"Breckenridge,Anita J.",2014,Obama Administration,ASSISTANT TO THE PRESIDENT AND DEPUTY CHIEF OF STAFF FOR OPERATIONS,Female,Employee,Per Annum,172200.0
"Canegallo,Kristie A.",2014,Obama Administration,ASSISTANT TO THE PRESIDENT AND DEPUTY CHIEF OF STAFF FOR IMPLEMENTATION,Female,Employee,Per Annum,172200.0
"Earnest,Joshua R.",2014,Obama Administration,ASSISTANT TO THE PRESIDENT AND PRESS SECRETARY,Male,Employee,Per Annum,172200.0
"Eggleston,Warren N.",2014,Obama Administration,ASSISTANT TO THE PRESIDENT AND COUNSEL TO THE PRESIDENT,Male,Employee,Per Annum,172200.0
"Fallon,Katherine B.",2014,Obama Administration,ASSISTANT TO THE PRESIDENT AND DIRECTOR OF THE OFFICE OF LEGISLATIVE AFFAIRS,Female,Employee,Per Annum,172200.0
"Jarrett,Valerie B.",2014,Obama Administration,SENIOR ADVISOR AND ASSISTANT TO THE PRESIDENT FOR INTERGOVERNMENTAL AFFAIRS AND PUBLIC ENGAGEMENT,Female,Employee,Per Annum,172200.0
"Johnson,Broderick D.",2014,Obama Administration,ASSISTANT TO THE PRESIDENT AND CABINET SECRETARY,Male,Employee,Per Annum,172200.0
"Kale,Katy A.",2014,Obama Administration,ASSISTANT TO THE PRESIDENT FOR MANAGEMENT AND ADMINISTRATION,Female,Employee,Per Annum,172200.0
"Keenan,Cody S.",2014,Obama Administration,ASSISTANT TO THE PRESIDENT AND DIRECTOR OF SPEECHWRITING,Male,Employee,Per Annum,172200.0
"McBride,Jonathan D.",2014,Obama Administration,ASSISTANT TO THE PRESIDENT AND DIRECTOR OF PRESIDENTIAL PERSONNEL,Male,Employee,Per Annum,162900.0
"McDonough,Denis R.",2014,Obama Administration,ASSISTANT TO THE PRESIDENT AND CHIEF OF STAFF,Male,Employee,Per Annum,172200.0
"Monaco,Lisa O.",2014,Obama Administration,ASSISTANT TO THE PRESIDENT FOR HOMELAND SECURITY AND COUNTERTERRORISM AND DEPUTY NATIONAL SECURITY ADVISOR,Female,Employee,Per Annum,172200.0
"Muñoz,Cecilia",2014,Obama Administration,ASSISTANT TO THE PRESIDENT AND DIRECTOR OF THE DOMESTIC POLICY COUNCIL,Female,Employee,Per Annum,172200.0
"Palmieri,Jennifer M.",2014,Obama Administration,ASSISTANT TO THE PRESIDENT AND DIRECTOR OF COMMUNICATIONS,Female,Employee,Per Annum,172200.0
"Pfeiffer,Howard D.",2014,Obama Administration,ASSISTANT TO THE PRESIDENT AND SENIOR ADVISOR,Male,Employee,Per Annum,172200.0
"Podesta,John D.",2014,Obama Administration,COUNSELOR TO THE PRESIDENT,Male,Employee,Per Annum,172200.0
"Rhodes,Benjamin J.",2014,Obama Administration,ASSISTANT TO THE PRESIDENT AND DEPUTY NATIONAL SECURITY ADVISOR FOR STRATEGIC COMMUNICATIONS AND SPEECHWRITING,Male,Employee,Per Annum,172200.0
"Rice,Susan E.",2014,Obama Administration,ASSISTANT TO THE PRESIDENT AND NATIONAL SECURITY ADVISOR,Female,Employee,Per Annum,172200.0
"Simas,David M.",2014,Obama Administration,ASSISTANT TO THE PRESIDENT AND DIRECTOR OF THE OFFICE OF POLITICAL STRATEGY AND OUTREACH,Male,Employee,Per Annum,172200.0
"Tchen,Christina M.",2014,Obama Administration,ASSISTANT TO THE PRESIDENT AND CHIEF OF STAFF TO THE FIRST LADY,Female,Employee,Per Annum,172200.0
"Turner,Shawn S.",2014,Obama Administration,DEPUTY PRESS SECRETARY  ,Male,Detailee,Per Annum,165353.0
"White,Danielle M.",2014,Obama Administration,ASSISTANT TO THE PRESIDENT AND DIRECTOR OF SCHEDULING AND ADVANCE,Female,Employee,Per Annum,172200.0
"Zients,Jeffrey D.",2014,Obama Administration,ASSISTANT TO THE PRESIDENT FOR ECONOMIC POLICY AND DIRECTOR OF THE NATIONAL ECONOMIC COUNCIL,Male,Employee,Per Annum,172200.0
"Austin,Roy L.,Jr.",2015,Obama Administration,"DEPUTY ASSISTANT TO THE PRESIDENT FOR THE OFFICE OF URBAN AFFAIRS, JUSTICE, AND OPPORTUNITY",Male,Employee,Per Annum,160085.0
"Beliveau,Emmett S.",2015,Obama Administration,ASSISTANT TO THE PRESIDENT AND DIRECTOR OF THE WHITE HOUSE MILITARY OFFICE,Male,Employee,Per Annum,160085.0
"Block,Sharon I.",2015,Obama Administration,SENIOR PUBLIC ENGAGEMENT ADVISOR FOR LABOR AND WORKING FAMILIES,Female,Detailee,Per Annum,163000.0
"Bosworth,Michael S.",2015,Obama Administration,DEPUTY ASSISTANT TO THE PRESIDENT AND DEPUTY COUNSEL TO THE PRESIDENT,Male,Employee,Per Annum,160085.0
"Breckenridge,Anita J.",2015,Obama Administration,ASSISTANT TO THE PRESIDENT AND DEPUTY CHIEF OF STAFF FOR OPERATIONS,Female,Employee,Per Annum,173922.0
"Canegallo,Kristie A.",2015,Obama Administration,ASSISTANT TO THE PRESIDENT AND DEPUTY CHIEF OF STAFF FOR IMPLEMENTATION,Female,Employee,Per Annum,173922.0
"Cushman,Chase M.",2015,Obama Administration,ASSISTANT TO THE PRESIDENT AND DIRECTOR OF SCHEDULING AND ADVANCE,Male,Employee,Per Annum,173922.0
"Deese,Brian C.",2015,Obama Administration,ASSISTANT TO THE PRESIDENT AND SENIOR ADVISOR,Male,Employee,Per Annum,172200.0
"DeValk,Randall J.",2015,Obama Administration,COUNSELOR TO THE OFFICE OF LEGISLATIVE AFFAIRS,Male,Detailee,Per Annum,165300.0
"Earnest,Joshua R.",2015,Obama Administration,ASSISTANT TO THE PRESIDENT AND PRESS SECRETARY,Male,Employee,Per Annum,173922.0
"Egan,Brian J.",2015,Obama Administration,DEPUTY ASSISTANT TO THE PRESIDENT AND DEPUTY COUNSEL TO THE PRESIDENT,Male,Employee,Per Annum,160085.0
"Eggleston,Warren N.",2015,Obama Administration,ASSISTANT TO THE PRESIDENT AND COUNSEL TO THE PRESIDENT,Male,Employee,Per Annum,173922.0
"Fallon,Katherine B.",2015,Obama Administration,ASSISTANT TO THE PRESIDENT AND DIRECTOR OF THE OFFICE OF LEGISLATIVE AFFAIRS,Female,Employee,Per Annum,173922.0
"Green,Valerie E.",2015,Obama Administration,ASSISTANT TO THE PRESIDENT AND DIRECTOR OF PRESIDENTIAL PERSONNEL,Female,Employee,Per Annum,162900.0
"Haines,Avril D.",2015,Obama Administration,ASSISTANT TO THE PRESIDENT AND DEPUTY NATIONAL SECURITY ADVISOR,Female,Employee,Per Annum,172200.0
"Herczeg,Jonathan A.",2015,Obama Administration,SENIOR POLICY ADVISOR,Male,Detailee,Per Annum,158700.0
"Jarrett,Valerie B.",2015,Obama Administration,SENIOR ADVISOR AND ASSISTANT TO THE PRESIDENT FOR INTERGOVERNMENTAL AFFAIRS AND PUBLIC ENGAGEMENT,Female,Employee,Per Annum,173922.0
"Johnson,Broderick D.",2015,Obama Administration,ASSISTANT TO THE PRESIDENT AND CABINET SECRETARY,Male,Employee,Per Annum,173922.0
"Kale,Katy A.",2015,Obama Administration,ASSISTANT TO THE PRESIDENT FOR MANAGEMENT AND ADMINISTRATION,Female,Employee,Per Annum,173922.0
"Kang,Christopher D.",2015,Obama Administration,DEPUTY ASSISTANT TO THE PRESIDENT AND DEPUTY COUNSEL TO THE PRESIDENT,Male,Employee,Per Annum,160085.0
"Keenan,Cody S.",2015,Obama Administration,ASSISTANT TO THE PRESIDENT AND DIRECTOR OF SPEECHWRITING,Male,Employee,Per Annum,173922.0
"Kvaal,James R.",2015,Obama Administration,DEPUTY ASSISTANT TO THE PRESIDENT AND DEPUTY DIRECTOR OF THE DOMESTIC POLICY COUNCIL,Male,Employee,Per Annum,160085.0
"Lambrew,Jeanne M.",2015,Obama Administration,DEPUTY ASSISTANT TO THE PRESIDENT FOR HEALTH POLICY,Female,Employee,Per Annum,160085.0
"McDonough,Denis R.",2015,Obama Administration,ASSISTANT TO THE PRESIDENT AND CHIEF OF STAFF,Male,Employee,Per Annum,173922.0
"Monaco,Lisa O.",2015,Obama Administration,ASSISTANT TO THE PRESIDENT FOR HOMELAND SECURITY AND COUNTERTERRORISM AND DEPUTY NATIONAL SECURITY ADVISOR,Female,Employee,Per Annum,173922.0
"Muñoz,Cecilia",2015,Obama Administration,ASSISTANT TO THE PRESIDENT AND DIRECTOR OF THE DOMESTIC POLICY COUNCIL,Female,Employee,Per Annum,173922.0
"Murray,Shailagh J.",2015,Obama Administration,ASSISTANT TO THE PRESIDENT AND SENIOR ADVISOR,Female,Employee,Per Annum,172200.0
"Nosanchuk,Mathew S.",2015,Obama Administration,ASSOCIATE DIRECTOR OF PUBLIC ENGAGEMENT,Male,Detailee,Per Annum,158700.0
"O'Connor,Jennifer M.",2015,Obama Administration,DEPUTY ASSISTANT TO THE PRESIDENT AND DEPUTY COUNSEL TO THE PRESIDENT,Female,Employee,Per Annum,160085.0
"Pérez,Alejandro",2015,Obama Administration,DEPUTY ASSISTANT TO THE PRESIDENT FOR LEGISLATIVE AFFAIRS AND HOUSE LIAISON,Male,Employee,Per Annum,160085.0
"Psaki,Jennifer R.",2015,Obama Administration,ASSISTANT TO THE PRESIDENT AND DIRECTOR OF COMMUNICATIONS,Female,Employee,Per Annum,172200.0
"Rhodes,Benjamin J.",2015,Obama Administration,ASSISTANT TO THE PRESIDENT AND DEPUTY NATIONAL SECURITY ADVISOR FOR STRATEGIC COMMUNICATIONS AND SPEECHWRITING,Male,Employee,Per Annum,173922.0
"Rice,Susan E.",2015,Obama Administration,ASSISTANT TO THE PRESIDENT AND NATIONAL SECURITY ADVISOR,Female,Employee,Per Annum,173922.0
"Rodriguez,Roberto J.",2015,Obama Administration,DEPUTY ASSISTANT TO THE PRESIDENT FOR EDUCATION POLICY,Male,Employee,Per Annum,160085.0
"Rosenbaum,Amy D.",2015,Obama Administration,DEPUTY ASSISTANT TO THE PRESIDENT FOR LEGISLATIVE AFFAIRS,Female,Employee,Per Annum,160085.0
"Simas,David M.",2015,Obama Administration,ASSISTANT TO THE PRESIDENT AND DIRECTOR OF THE OFFICE OF POLITICAL STRATEGY AND OUTREACH,Male,Employee,Per Annum,173922.0
"Stegman,Michael A.",2015,Obama Administration,SENIOR POLICY ADVISOR,Male,Detailee,Per Annum,165300.0
"Tchen,Christina M.",2015,Obama Administration,ASSISTANT TO THE PRESIDENT AND CHIEF OF STAFF TO THE FIRST LADY,Female,Employee,Per Annum,173922.0
"Utech,Dan G.",2015,Obama Administration,DEPUTY ASSISTANT TO THE PRESIDENT FOR ENERGY AND CLIMATE CHANGE,Male,Employee,Per Annum,160085.0
"Walsh,James D.",2015,Obama Administration,ASSOCIATE COUNSEL,Male,Detailee,Per Annum,171871.0
"Walsh,Joan L.",2015,Obama Administration,DEPUTY ASSISTANT TO THE PRESIDENT AND STAFF SECRETARY,Female,Employee,Per Annum,160085.0
"Zaid,Zaid A.",2015,Obama Administration,ASSOCIATE COUNSEL,Male,Detailee,Per Annum,158700.0
"Zients,Jeffrey D.",2015,Obama Administration,ASSISTANT TO THE PRESIDENT FOR ECONOMIC POLICY AND DIRECTOR OF THE NATIONAL ECONOMIC COUNCIL,Male,Employee,Per Annum,173922.0
"Austin,Roy L.,Jr.",2016,Obama Administration,"DEPUTY ASSISTANT TO THE PRESIDENT FOR THE OFFICE OF URBAN AFFAIRS, JUSTICE, AND OPPORTUNITY",Male,Employee,Per Annum,162422.0
"Bosworth,Michael S.",2016,Obama Administration,DEPUTY ASSISTANT TO THE PRESIDENT AND DEPUTY COUNSEL TO THE PRESIDENT,Male,Employee,Per Annum,162422.0
"Breckenridge,Anita J.",2016,Obama Administration,ASSISTANT TO THE PRESIDENT AND DEPUTY CHIEF OF STAFF FOR OPERATIONS,Female,Employee,Per Annum,176461.0
"Canegallo,Kristie A.",2016,Obama Administration,ASSISTANT TO THE PRESIDENT AND DEPUTY CHIEF OF STAFF FOR IMPLEMENTATION,Female,Employee,Per Annum,176461.0
"Cushman,Chase M.",2016,Obama Administration,ASSISTANT TO THE PRESIDENT AND DIRECTOR OF SCHEDULING AND ADVANCE,Male,Employee,Per Annum,176461.0
"Deese,Brian C.",2016,Obama Administration,ASSISTANT TO THE PRESIDENT AND SENIOR ADVISOR,Male,Employee,Per Annum,174714.0
"Earnest,Joshua R.",2016,Obama Administration,ASSISTANT TO THE PRESIDENT AND PRESS SECRETARY,Male,Employee,Per Annum,176461.0
"Eggleston,Warren N.",2016,Obama Administration,ASSISTANT TO THE PRESIDENT AND COUNSEL TO THE PRESIDENT,Male,Employee,Per Annum,176461.0
"Haines,Avril D.",2016,Obama Administration,ASSISTANT TO THE PRESIDENT AND DEPUTY NATIONAL SECURITY ADVISOR,Female,Employee,Per Annum,174714.0
"Ho,Elaine P.",2016,Obama Administration,WHITE HOUSE LEADERSHIP DEVELOPMENT FELLOW,Female,Detailee,Per Annum,158700.0
"Jarrett,Valerie B.",2016,Obama Administration,SENIOR ADVISOR AND ASSISTANT TO THE PRESIDENT FOR INTERGOVERNMENTAL AFFAIRS AND PUBLIC ENGAGEMENT,Female,Employee,Per Annum,176461.0
"Johnson,Broderick D.",2016,Obama Administration,ASSISTANT TO THE PRESIDENT AND CABINET SECRETARY,Male,Employee,Per Annum,176461.0
"Keenan,Cody S.",2016,Obama Administration,ASSISTANT TO THE PRESIDENT AND DIRECTOR OF SPEECHWRITING,Male,Employee,Per Annum,176461.0
"Knowlton,Amy L.",2016,Obama Administration,DIRECTOR OF THE OFFICE OF NATIONAL AIDS POLICY,Female,Detailee,Per Annum,159000.0
"Lambrew,Jeanne M.",2016,Obama Administration,DEPUTY ASSISTANT TO THE PRESIDENT FOR HEALTH POLICY,Female,Employee,Per Annum,162422.0
"McDonough,Denis R.",2016,Obama Administration,ASSISTANT TO THE PRESIDENT AND CHIEF OF STAFF,Male,Employee,Per Annum,176461.0
"McQuaid,Nicholas Lloyd",2016,Obama Administration,DEPUTY ASSISTANT TO THE PRESIDENT AND DEPUTY COUNSEL TO THE PRESIDENT,Male,Employee,Per Annum,160814.0
"Mehrbani,Rodin A.",2016,Obama Administration,ASSISTANT TO THE PRESIDENT AND DIRECTOR OF PRESIDENTIAL PERSONNEL,Male,Employee,Per Annum,172200.0
"Monaco,Lisa O.",2016,Obama Administration,ASSISTANT TO THE PRESIDENT FOR HOMELAND SECURITY AND COUNTERTERRORISM AND DEPUTY NATIONAL SECURITY ADVISOR,Female,Employee,Per Annum,176461.0
"Muñoz,Cecilia",2016,Obama Administration,ASSISTANT TO THE PRESIDENT AND DIRECTOR OF THE DOMESTIC POLICY COUNCIL,Female,Employee,Per Annum,176461.0
"Murray,Shailagh J.",2016,Obama Administration,ASSISTANT TO THE PRESIDENT AND SENIOR ADVISOR,Female,Employee,Per Annum,174714.0
"Paone,Martin P.",2016,Obama Administration,DEPUTY ASSISTANT TO THE PRESIDENT FOR LEGISLATIVE AFFAIRS AND SENATE LIAISON,Male,Employee,Per Annum,160814.0
"Pérez,Alejandro",2016,Obama Administration,DEPUTY ASSISTANT TO THE PRESIDENT FOR LEGISLATIVE AFFAIRS AND HOUSE LIAISON,Male,Employee,Per Annum,162422.0
"Psaki,Jennifer R.",2016,Obama Administration,ASSISTANT TO THE PRESIDENT AND DIRECTOR OF COMMUNICATIONS,Female,Employee,Per Annum,174714.0
"Rhodes,Benjamin J.",2016,Obama Administration,ASSISTANT TO THE PRESIDENT AND DEPUTY NATIONAL SECURITY ADVISOR FOR STRATEGIC COMMUNICATIONS AND SPEECHWRITING,Male,Employee,Per Annum,176461.0
"Rice,Susan E.",2016,Obama Administration,ASSISTANT TO THE PRESIDENT AND NATIONAL SECURITY ADVISOR,Female,Employee,Per Annum,176461.0
"Rodriguez,Roberto J.",2016,Obama Administration,DEPUTY ASSISTANT TO THE PRESIDENT FOR EDUCATION POLICY,Male,Employee,Per Annum,162422.0
"Rosenbaum,Amy D.",2016,Obama Administration,ASSISTANT TO THE PRESIDENT AND DIRECTOR OF THE OFFICE OF LEGISLATIVE AFFAIRS,Female,Employee,Per Annum,172200.0
"Simas,David M.",2016,Obama Administration,ASSISTANT TO THE PRESIDENT AND DIRECTOR OF THE OFFICE OF POLITICAL STRATEGY AND OUTREACH,Male,Employee,Per Annum,176461.0
"Tchen,Christina M.",2016,Obama Administration,ASSISTANT TO THE PRESIDENT AND CHIEF OF STAFF TO THE FIRST LADY,Female,Employee,Per Annum,176461.0
"Utech,Dan G.",2016,Obama Administration,DEPUTY ASSISTANT TO THE PRESIDENT FOR ENERGY AND CLIMATE CHANGE,Male,Employee,Per Annum,162422.0
"Varghese,Maju S.",2016,Obama Administration,ASSISTANT TO THE PRESIDENT FOR MANAGEMENT AND ADMINISTRATION,Male,Employee,Per Annum,174714.0
"Walsh,Joan L.",2016,Obama Administration,DEPUTY ASSISTANT TO THE PRESIDENT AND STAFF SECRETARY,Female,Employee,Per Annum,162422.0
"Zients,Jeffrey D.",2016,Obama Administration,ASSISTANT TO THE PRESIDENT FOR ECONOMIC POLICY AND DIRECTOR OF THE NATIONAL ECONOMIC COUNCIL,Male,Employee,Per Annum,176461.0
"Bannon,Stephen K.",2017,Trump Administration,ASSISTANT TO THE PRESIDENT AND CHIEF STRATEGIST AND SENIOR COUNSELOR,Male,Employee,Per Annum,179700.0
"Bossert,Thomas P.",2017,Trump Administration,ASSISTANT TO THE PRESIDENT FOR HOMELAND SECURITY AND COUNTERTERRORISM,Male,Employee,Per Annum,179700.0
"Bremberg,Andrew P.",2017,Trump Administration,ASSISTANT TO THE PRESIDENT AND DIRECTOR OF THE DOMESTIC POLICY COUNCIL,Male,Employee,Per Annum,179700.0
"Cairncross,Sean S.",2017,Trump Administration,DEPUTY ASSISTANT TO THE PRESIDENT AND SENIOR ADVISOR TO THE CHIEF OF STAFF,Male,Employee,Per Annum,165000.0
"Clark,Justin R.",2017,Trump Administration,DEPUTY ASSISTANT TO THE PRESIDENT AND DIRECTOR OF INTERGOVERNMENTAL AFFAIRS,Male,Employee,Per Annum,165000.0
"Coniglio,Peter J.",2017,Trump Administration,ASSOCIATE COUNSEL TO THE PRESIDENT,Male,Detailee,Per Annum,161900.0
"Conway,Kellyanne E.",2017,Trump Administration,ASSISTANT TO THE PRESIDENT AND SENIOR COUNSELOR,Female,Employee,Per Annum,179700.0
"Dearborn,Ricky A.",2017,Trump Administration,"ASSISTANT TO THE PRESIDENT AND DEPUTY CHIEF OF STAFF FOR LEGISLATIVE, CABINET, INTERGOVERNMENTAL AFFAIRS AND IMPLEMENTATION",Male,Employee,Per Annum,179700.0
"Delrahim,Makan",2017,Trump Administration,DEPUTY ASSISTANT TO THE PRESIDENT AND DEPUTY COUNSEL TO THE PRESIDENT,Male,Employee,Per Annum,165000.0
"DeStefano,John J.",2017,Trump Administration,ASSISTANT TO THE PRESIDENT AND DIRECTOR OF PRESIDENTIAL PERSONNEL,Male,Employee,Per Annum,179700.0
"Diaz-Rosillo,Carlos E.",2017,Trump Administration,DEPUTY ASSISTANT TO THE PRESIDENT AND DIRECTOR OF POLICY AND INTERAGENCY COORDINATION,Male,Employee,Per Annum,165000.0
"Eisenberg,John A.",2017,Trump Administration,DEPUTY ASSISTANT TO THE PRESIDENT AND DEPUTY COUNSEL TO THE PRESIDENT FOR NATIONAL SECURITY AFFAIRS AND LEGAL ADVISOR TO THE NATIONAL SECURITY COUNCIL,Male,Employee,Per Annum,165000.0
"Eissenstat,Everett H.",2017,Trump Administration,DEPUTY ASSISTANT TO THE PRESIDENT AND DEPUTY DIRECTOR OF THE NATIONAL ECONOMIC COUNCIL AND INTERNATIONAL ECONOMIC AFFAIRS,Male,Employee,Per Annum,165000.0
"Gigicos,George D.",2017,Trump Administration,DEPUTY ASSISTANT TO THE PRESIDENT AND DIRECTOR OF PRESIDENTIAL ADVANCE,Male,Employee,Per Annum,165000.0
"Greenblatt,Jason D.",2017,Trump Administration,ASSISTANT TO THE PRESIDENT AND SPECIAL REPRESENTATIVE FOR INTERNATIONAL NEGOTIATIONS,Male,Employee,Per Annum,179700.0
"Hagin,Joseph W.",2017,Trump Administration,ASSISTANT TO THE PRESIDENT AND DEPUTY CHIEF OF STAFF FOR OPERATIONS,Male,Employee,Per Annum,179700.0
"Hicks,Hope C.",2017,Trump Administration,ASSISTANT TO THE PRESIDENT AND DIRECTOR OF STRATEGIC COMMUNICATIONS,Female,Employee,Per Annum,179700.0
"House,Mark S.",2017,Trump Administration,SENIOR POLICY ADVISOR,Male,Detailee,Per Annum,187100.0
"Katsas,Gregory G.",2017,Trump Administration,DEPUTY ASSISTANT TO THE PRESIDENT AND DEPUTY COUNSEL TO THE PRESIDENT,Male,Employee,Per Annum,165000.0
"Katz,Jeremy L.",2017,Trump Administration,DEPUTY ASSISTANT TO THE PRESIDENT AND DEPUTY DIRECTOR OF THE NATIONAL ECONOMIC COUNCIL AND ECONOMIC POLICY,Male,Employee,Per Annum,165000.0
"Kellogg,Joseph K.,Jr.",2017,Trump Administration,ASSISTANT TO THE PRESIDENT AND EXECUTIVE SECRETARY AND CHIEF OF STAFF FOR THE NATIONAL SECURITY COUNCIL,Male,Employee,Per Annum,179700.0
"Kelly,Marcia L.",2017,Trump Administration,DEPUTY ASSISTANT TO THE PRESIDENT AND DIRECTOR OF WHITE HOUSE MANAGEMENT AND ADMINISTRATION AND DIRECTOR OF THE OFFICE OF ADMINISTRATION,Female,Employee,Per Annum,165000.0
"LaVerghetta,Dino L.",2017,Trump Administration,ASSOCIATE COUNSEL TO THE PRESIDENT,Male,Detailee,Per Annum,161900.0
"Lyons,Derek S.",2017,Trump Administration,DEPUTY ASSISTANT TO THE PRESIDENT AND DEPUTY STAFF SECRETARY,Male,Employee,Per Annum,165000.0
"Mabry,Sandra Sue",2017,Trump Administration,ETHICS COUNSEL,Female,Detailee,Per Annum,161900.0
"Manigault,Omarosa O.",2017,Trump Administration,ASSISTANT TO THE PRESIDENT AND DIRECTOR OF COMMUNICATIONS FOR THE OFFICE OF PUBLIC LIAISON,Female,Employee,Per Annum,179700.0
"McFarland,Kathleen T.",2017,Trump Administration,ASSISTANT TO THE PRESIDENT AND DEPUTY NATIONAL SECURITY ADVISOR,Female,Employee,Per Annum,179700.0
"McGahn,Donald F.,II",2017,Trump Administration,ASSISTANT TO THE PRESIDENT AND COUNSEL TO THE PRESIDENT,Male,Employee,Per Annum,179700.0
"McGinley,William J.",2017,Trump Administration,DEPUTY ASSISTANT TO THE PRESIDENT AND CABINET SECRETARY,Male,Employee,Per Annum,165000.0
"Miller,Stephen",2017,Trump Administration,ASSISTANT TO THE PRESIDENT AND SENIOR ADVISOR FOR POLICY,Male,Employee,Per Annum,179700.0
"Munisteri,Stephen P.",2017,Trump Administration,DEPUTY ASSISTANT TO THE PRESIDENT AND PRINCIPAL DEPUTY DIRECTOR OF THE OFFICE OF PUBLIC LIAISON,Male,Employee,Per Annum,165000.0
"Navarro,Peter K.",2017,Trump Administration,DEPUTY ASSISTANT TO THE PRESIDENT AND DIRECTOR OF TRADE AND MANUFACTURING POLICY,Male,Employee,Per Annum,165000.0
"Passantino,Stefan C.",2017,Trump Administration,DEPUTY ASSISTANT TO THE PRESIDENT AND DEPUTY COUNSEL TO THE PRESIDENT,Male,Employee,Per Annum,165000.0
"Porter,Robert R.",2017,Trump Administration,ASSISTANT TO THE PRESIDENT AND WHITE HOUSE STAFF SECRETARY,Male,Employee,Per Annum,179700.0
"Powell,Dina H.",2017,Trump Administration,ASSISTANT TO THE PRESIDENT AND DEPUTY NATIONAL SECURITY ADVISOR FOR STRATEGY,Female,Employee,Per Annum,179700.0
"Priebus,Reinhold R.",2017,Trump Administration,ASSISTANT TO THE PRESIDENT AND CHIEF OF STAFF,Male,Employee,Per Annum,179700.0
"Reynolds,Lindsay B.",2017,Trump Administration,ASSISTANT TO THE PRESIDENT AND CHIEF OF STAFF TO THE FIRST LADY,Female,Employee,Per Annum,179700.0
"Rinat,Ory S.",2017,Trump Administration,INTERIM CHIEF DIGITAL OFFICER,Male,Detailee,Per Annum,161900.0
"Sanders,Sarah H.",2017,Trump Administration,DEPUTY ASSISTANT TO THE PRESIDENT AND PRINCIPAL DEPUTY PRESS SECRETARY,Female,Employee,Per Annum,165000.0
"Scavino,Daniel J.",2017,Trump Administration,ASSISTANT TO THE PRESIDENT AND DIRECTOR OF SOCIAL MEDIA,Male,Employee,Per Annum,179700.0
"Schiller,Keith W.",2017,Trump Administration,DEPUTY ASSISTANT TO THE PRESIDENT AND DIRECTOR OF OVAL OFFICE OPERATIONS,Male,Employee,Per Annum,165000.0
"Short,Marc T.",2017,Trump Administration,ASSISTANT TO THE PRESIDENT AND DIRECTOR OF THE OFFICE OF LEGISLATIVE AFFAIRS,Male,Employee,Per Annum,179700.0
"Sifakis,George A.",2017,Trump Administration,ASSISTANT TO THE PRESIDENT AND DIRECTOR OF THE OFFICE OF PUBLIC LIAISON,Male,Employee,Per Annum,179700.0
"Spicer,Sean M.",2017,Trump Administration,ASSISTANT TO THE PRESIDENT AND PRESS SECRETARY,Male,Employee,Per Annum,179700.0
"Stepien,William",2017,Trump Administration,DEPUTY ASSISTANT TO THE PRESIDENT AND DIRECTOR OF POLITICAL AFFAIRS,Male,Employee,Per Annum,165000.0
"Wetmore,David H.",2017,Trump Administration,IMMIGRATION ADVISOR,Male,Detailee,Per Annum,161900.0
"Bolton,John R.",2018,Trump Administration,ASSISTANT TO THE PRESIDENT FOR NATIONAL SECURITY AFFAIRS,Male,Employee,Per Annum,179700.0
"Bremberg,Andrew P.",2018,Trump Administration,ASSISTANT TO THE PRESIDENT FOR DOMESTIC POLICY,Male,Employee,Per Annum,179700.0
"Brooks,John H.",2018,Trump Administration,POLICY ADVISOR,Male,Detailee,Per Annum,179700.0
"Clark,Justin R.",2018,Trump Administration,DEPUTY ASSISTANT TO THE PRESIDENT AND DIRECTOR OF THE OFFICE OF PUBLIC LIAISON,Male,Employee,Per Annum,165000.0
"Colosimo,Robyn S.",2018,Trump Administration,SENIOR POLICY ADVISOR,Female,Detailee,Per Annum,167625.0
"Conway,Kellyanne E.",2018,Trump Administration,ASSISTANT TO THE PRESIDENT AND SENIOR COUNSELOR,Female,Employee,Per Annum,179700.0
"DeStefano,John J.",2018,Trump Administration,ASSISTANT TO THE PRESIDENT AND COUNSELOR,Male,Employee,Per Annum,179700.0
"Dhillon,Uttam A.",2018,Trump Administration,DEPUTY COUNSEL TO THE PRESIDENT,Male,Employee,Per Annum,165000.0
"Doocey,Sean E.",2018,Trump Administration,DEPUTY ASSISTANT TO THE PRESIDENT AND DIRECTOR OF PRESIDENTIAL PERSONNEL,Male,Employee,Per Annum,165000.0
"Eisenberg,John A.",2018,Trump Administration,DEPUTY COUNSEL TO THE PRESIDENT FOR NATIONAL SECURITY AFFAIRS AND LEGAL ADVISOR TO THE NATIONAL SECURITY COUNCIL,Male,Employee,Per Annum,165000.0
"Eissenstat,Everett H.",2018,Trump Administration,DEPUTY ASSISTANT TO THE PRESIDENT FOR INTERNATIONAL ECONOMIC AFFAIRS AND DEPUTY DIRECTOR OF THE NATIONAL ECONOMIC COUNCIL,Male,Employee,Per Annum,165000.0
"Eliot,Deirdre Z.",2018,Trump Administration,SENIOR ASSOCIATE COUNSEL,Female,Detailee,Per Annum,164100.0
"Flood,Emmet T.",2018,Trump Administration,SPECIAL COUNSEL TO THE PRESIDENT,Male,Employee,Per Annum,179700.0
"Foley,David A.,Jr.",2018,Trump Administration,POLICY ADVISOR,Male,Detailee,Per Annum,161746.0
"Gavoor,Aram A.",2018,Trump Administration,POLICY ADVISOR,Male,Detailee,Per Annum,164200.0
"Greenblatt,Jason D.",2018,Trump Administration,ASSISTANT TO THE PRESIDENT AND SPECIAL REPRESENTATIVE FOR INTERNATIONAL NEGOTIATIONS,Male,Employee,Per Annum,179700.0
"Hagin,Joseph W.",2018,Trump Administration,ASSISTANT TO THE PRESIDENT AND DEPUTY CHIEF OF STAFF FOR OPERATIONS,Male,Employee,Per Annum,179700.0
"Hoelscher,Douglas L.",2018,Trump Administration,DEPUTY ASSISTANT TO THE PRESIDENT AND DIRECTOR OF INTERGOVERNMENTAL AFFAIRS,Male,Employee,Per Annum,165000.0
"Karem,Michael J.",2018,Trump Administration,DEPUTY ASSISTANT TO THE PRESIDENT AND DIRECTOR OF OVAL OFFICE OPERATIONS,Male,Employee,Per Annum,165000.0
"Keller,Catherine B.",2018,Trump Administration,DEPUTY ASSISTANT TO THE PRESIDENT AND DEPUTY STAFF SECRETARY,Female,Employee,Per Annum,165000.0
"Kelly,John F.",2018,Trump Administration,ASSISTANT TO THE PRESIDENT AND CHIEF OF STAFF,Male,Employee,Per Annum,179700.0
"Kelly,Marcia L.",2018,Trump Administration,ASSISTANT TO THE PRESIDENT AND DIRECTOR OF WHITE HOUSE MANAGEMENT AND ADMINISTRATION AND DIRECTOR OF THE OFFICE OF ADMINISTRATION,Female,Employee,Per Annum,179700.0
"Knight,Shahira E.",2018,Trump Administration,DEPUTY ASSISTANT TO THE PRESIDENT FOR ECONOMIC POLICY AND DEPUTY DIRECTOR OF THE NATIONAL ECONOMIC COUNCIL,Female,Employee,Per Annum,165000.0
"Kudlow,Lawrence A.",2018,Trump Administration,ASSISTANT TO THE PRESIDENT FOR ECONOMIC POLICY,Male,Employee,Per Annum,179700.0
"Leggitt,Lance B.",2018,Trump Administration,DEPUTY ASSISTANT TO THE PRESIDENT FOR DOMESTIC POLICY AND DEPUTY DIRECTOR OF THE DOMESTIC POLICY COUNCIL,Male,Employee,Per Annum,165000.0
"Lyons,Derek S.",2018,Trump Administration,ASSISTANT TO THE PRESIDENT AND STAFF SECRETARY,Male,Employee,Per Annum,179700.0
"McGahn,Donald F.,II",2018,Trump Administration,COUNSEL TO THE PRESIDENT,Male,Employee,Per Annum,179700.0
"McGinley,William J.",2018,Trump Administration,DEPUTY ASSISTANT TO THE PRESIDENT AND CABINET SECRETARY,Male,Employee,Per Annum,165000.0
"Miller,Stephen",2018,Trump Administration,ASSISTANT TO THE PRESIDENT AND SENIOR ADVISOR FOR POLICY,Male,Employee,Per Annum,179700.0
"Munisteri,Stephen P.",2018,Trump Administration,DEPUTY ASSISTANT TO THE PRESIDENT AND PRINCIPAL DEPUTY DIRECTOR OF THE OFFICE OF PUBLIC LIAISON,Male,Employee,Per Annum,165000.0
"Navarro,Peter K.",2018,Trump Administration,ASSISTANT TO THE PRESIDENT FOR TRADE AND MANUFACTURING POLICY,Male,Employee,Per Annum,179700.0
"Passantino,Stefan C.",2018,Trump Administration,DEPUTY COUNSEL TO THE PRESIDENT,Male,Employee,Per Annum,165000.0
"Peede,Robert L.,Jr.",2018,Trump Administration,DEPUTY ASSISTANT TO THE PRESIDENT AND DIRECTOR OF PRESIDENTIAL ADVANCE,Male,Employee,Per Annum,165000.0
"Ramer,Samuel R.",2018,Trump Administration,SENIOR ASSOCIATE COUNSEL,Male,Detailee,Per Annum,179700.0
"Reynolds,Lindsay B.",2018,Trump Administration,ASSISTANT TO THE PRESIDENT AND CHIEF OF STAFF TO THE FIRST LADY,Female,Employee,Per Annum,179700.0
"Ricardel,Mira R.",2018,Trump Administration,ASSISTANT TO THE PRESIDENT AND DEPUTY NATIONAL SECURITY ADVISOR,Female,Employee,Per Annum,179700.0
"Rollins,Brooke L.",2018,Trump Administration,ASSISTANT TO THE PRESIDENT FOR STRATEGIC INITIATIVES,Female,Employee,Per Annum,179700.0
"Sanders,Sarah H.",2018,Trump Administration,ASSISTANT TO THE PRESIDENT AND PRESS SECRETARY,Female,Employee,Per Annum,179700.0
"Sandoloski,Sean M.",2018,Trump Administration,ASSOCIATE COUNSEL,Male,Detailee,Per Annum,164200.0
"Scavino,Daniel J.",2018,Trump Administration,ASSISTANT TO THE PRESIDENT AND DIRECTOR OF SOCIAL MEDIA,Male,Employee,Per Annum,179700.0
"Schlapp,Mercedes Viana",2018,Trump Administration,ASSISTANT TO THE PRESIDENT AND SENIOR ADVISOR FOR STRATEGIC COMMUNICATIONS,Female,Employee,Per Annum,179700.0
"Shah,Raj S.",2018,Trump Administration,DEPUTY ASSISTANT TO THE PRESIDENT AND PRINCIPAL DEPUTY PRESS SECRETARY,Male,Employee,Per Annum,165000.0
"Short,Marc T.",2018,Trump Administration,ASSISTANT TO THE PRESIDENT FOR LEGISLATIVE AFFAIRS,Male,Employee,Per Annum,179700.0
"Stepien,William",2018,Trump Administration,DEPUTY ASSISTANT TO THE PRESIDENT AND DIRECTOR OF POLITICAL AFFAIRS,Male,Employee,Per Annum,165000.0
"Beck,Nancy B.",2019,Trump Administration,POLICY ADVISOR,Female,Detailee,Per Annum,166500.0
"Blair,Robert B.",2019,Trump Administration,ASSISTANT TO THE PRESIDENT AND SENIOR ADVISOR TO THE CHIEF OF STAFF,Male,Employee,Per Annum,183000.0
"Block,Monica J.",2019,Trump Administration,DEPUTY ASSISTANT TO THE PRESIDENT AND DIRECTOR OF WHITE HOUSE MANAGEMENT AND ADMINISTRATION AND ACTING DIRECTOR OF THE OFFICE OF ADMINISTRATION,Female,Employee,Per Annum,168000.0
"Bolton,John R.",2019,Trump Administration,ASSISTANT TO THE PRESIDENT FOR NATIONAL SECURITY AFFAIRS,Male,Employee,Per Annum,183000.0
"Boswell,Kristi J.",2019,Trump Administration,POLICY ADVISOR,Female,Detailee,Per Annum,165000.0
"Bremberg,Andrew P.",2019,Trump Administration,ASSISTANT TO THE PRESIDENT AND SENIOR ADVISOR FOR DOMESTIC POLICY,Male,Employee,Per Annum,183000.0
"Cipollone,Pasquale A.",2019,Trump Administration,COUNSEL TO THE PRESIDENT,Male,Employee,Per Annum,183000.0
"Conway,Kellyanne E.",2019,Trump Administration,ASSISTANT TO THE PRESIDENT AND SENIOR COUNSELOR,Female,Employee,Per Annum,183000.0
"Czwartacki,John S.",2019,Trump Administration,SENIOR ADVISOR TO THE CHIEF OF STAFF FOR STRATEGY AND STAKEHOLDER ENGAGEMENT,Male,Detailee,Per Annum,239595.0
"Dannenfelser,Martin J.",2019,Trump Administration,SENIOR POLICY ADVISOR,Male,Detailee,Per Annum,166500.0
"Ditto,Jessica E.",2019,Trump Administration,DEPUTY ASSISTANT TO THE PRESIDENT AND DEPUTY DIRECTOR OF COMMUNICATIONS,Female,Employee,Per Annum,168000.0
"Doocey,Sean E.",2019,Trump Administration,DEPUTY ASSISTANT TO THE PRESIDENT AND DIRECTOR OF PRESIDENTIAL PERSONNEL,Male,Employee,Per Annum,168000.0
"Doyle,Emma K.",2019,Trump Administration,ASSISTANT TO THE PRESIDENT AND PRINCIPAL DEPUTY CHIEF OF STAFF,Female,Employee,Per Annum,183000.0
"Droege,Philip C.",2019,Trump Administration,DIRECTOR OF RECORDS MANAGEMENT,Male,Employee,Per Annum,165417.0
"Edlow,Joseph B.",2019,Trump Administration,POLICY ADVISOR,Male,Detailee,Per Annum,165000.0
"Eisenberg,John A.",2019,Trump Administration,DEPUTY COUNSEL TO THE PRESIDENT FOR NATIONAL SECURITY AFFAIRS AND LEGAL ADVISOR TO THE NATIONAL SECURITY COUNCIL,Male,Employee,Per Annum,183000.0
"Eliot,Deirdre Z.",2019,Trump Administration,SENIOR ASSOCIATE COUNSEL,Female,Detailee,Per Annum,166400.0
"Fishman,George M.",2019,Trump Administration,POLICY ADVISOR,Male,Detailee,Per Annum,179700.0
"Gidley,John H.",2019,Trump Administration,DEPUTY ASSISTANT TO THE PRESIDENT AND PRINCIPAL DEPUTY PRESS SECRETARY,Male,Employee,Per Annum,168000.0
"Greenblatt,Jason D.",2019,Trump Administration,ASSISTANT TO THE PRESIDENT AND SPECIAL REPRESENTATIVE FOR INTERNATIONAL NEGOTIATIONS,Male,Employee,Per Annum,183000.0
"Grisham,Stephanie A.",2019,Trump Administration,ASSISTANT TO THE PRESIDENT AND DEPUTY CHIEF OF STAFF FOR COMMUNICATIONS FOR THE FIRST LADY,Female,Employee,Per Annum,183000.0
"Grogan,Joseph J.",2019,Trump Administration,ASSISTANT TO THE PRESIDENT AND DIRECTOR OF THE DOMESTIC POLICY COUNCIL,Male,Employee,Per Annum,183000.0
"Haley,Vincent M.",2019,Trump Administration,"DEPUTY ASSISTANT TO THE PRESIDENT AND ADVISOR FOR POLICY, STRATEGY, AND SPEECHWRITING",Male,Employee,Per Annum,168000.0
"Hoelscher,Douglas L.",2019,Trump Administration,DEPUTY ASSISTANT TO THE PRESIDENT AND DIRECTOR OF INTERGOVERNMENTAL AFFAIRS,Male,Employee,Per Annum,168000.0
"Hudson,Hope R.",2019,Trump Administration,DEPUTY ASSISTANT TO THE PRESIDENT AND CHIEF OF STAFF TO THE SENIOR COUNSELOR,Female,Employee,Per Annum,168000.0
"Jack,Brian T.",2019,Trump Administration,DEPUTY ASSISTANT TO THE PRESIDENT AND DIRECTOR OF POLITICAL AFFAIRS,Male,Employee,Per Annum,168000.0
"Kalbaugh,David E.",2019,Trump Administration,EXECUTIVE CLERK,Male,Employee,Per Annum,165417.0
"Keller,Catherine B.",2019,Trump Administration,DEPUTY ASSISTANT TO THE PRESIDENT AND DEPUTY STAFF SECRETARY,Female,Employee,Per Annum,168000.0
"Kudlow,Lawrence A.",2019,Trump Administration,ASSISTANT TO THE PRESIDENT FOR ECONOMIC POLICY,Male,Employee,Per Annum,183000.0
"Kupperman,Charles G.",2019,Trump Administration,ASSISTANT TO THE PRESIDENT AND DEPUTY NATIONAL SECURITY ADVISOR,Male,Employee,Per Annum,183000.0
"Leighton,Wayne A.",2019,Trump Administration,SENIOR POLICY DIRECTOR,Male,Detailee,Per Annum,174052.0
"Lichter,Jennifer B.",2019,Trump Administration,DEPUTY ASSISTANT TO THE PRESIDENT FOR DOMESTIC POLICY,Female,Employee,Per Annum,168000.0
"Lyons,Derek S.",2019,Trump Administration,ASSISTANT TO THE PRESIDENT AND STAFF SECRETARY,Male,Employee,Per Annum,183000.0
"Lytle,Mark D.",2019,Trump Administration,ASSOCIATE COUNSEL,Male,Detailee,Per Annum,166400.0
"McCommas,Brendan N.",2019,Trump Administration,POLICY ADVISOR,Male,Detailee,Per Annum,160000.0
"McGinley,William J.",2019,Trump Administration,ASSISTANT TO THE PRESIDENT AND CABINET SECRETARY,Male,Employee,Per Annum,168000.0
"Miller,Stephen",2019,Trump Administration,ASSISTANT TO THE PRESIDENT AND SENIOR ADVISOR FOR POLICY,Male,Employee,Per Annum,183000.0
"Mulvaney,John M.",2019,Trump Administration,ACTING CHIEF OF STAFF,Male,Detailee,Per Annum,203500.0
"Navarro,Peter K.",2019,Trump Administration,ASSISTANT TO THE PRESIDENT FOR TRADE AND MANUFACTURING POLICY,Male,Employee,Per Annum,183000.0
"Newman,Emily P.",2019,Trump Administration,POLICY ADVISOR,Female,Detailee,Per Annum,179700.0
"Niceta,Anna C.",2019,Trump Administration,DEPUTY ASSISTANT TO THE PRESIDENT AND SOCIAL SECRETARY,Female,Employee,Per Annum,168000.0
"Olmem,Andrew J.",2019,Trump Administration,DEPUTY ASSISTANT TO THE PRESIDENT FOR ECONOMIC POLICY AND DEPUTY DIRECTOR OF THE NATIONAL ECONOMIC COUNCIL,Male,Employee,Per Annum,168000.0
"Pataki,Timothy A.",2019,Trump Administration,DEPUTY ASSISTANT TO THE PRESIDENT AND DIRECTOR OF THE OFFICE OF PUBLIC LIAISON,Male,Employee,Per Annum,168000.0
"Philbin,Patrick F.",2019,Trump Administration,DEPUTY COUNSEL TO THE PRESIDENT,Male,Employee,Per Annum,168000.0
"Purpura,Michael M.",2019,Trump Administration,DEPUTY COUNSEL TO THE PRESIDENT,Male,Employee,Per Annum,168000.0
"Radford,Julie T.",2019,Trump Administration,DEPUTY ASSISTANT TO THE PRESIDENT AND CHIEF OF STAFF TO THE ADVISOR,Female,Employee,Per Annum,168000.0
"Reynolds,Lindsay B.",2019,Trump Administration,ASSISTANT TO THE PRESIDENT AND CHIEF OF STAFF TO THE FIRST LADY,Female,Employee,Per Annum,183000.0
"Rinat,Ory S.",2019,Trump Administration,DEPUTY ASSISTANT TO THE PRESIDENT AND CHIEF DIGITAL OFFICER,Male,Employee,Per Annum,168000.0
"Rollins,Brooke L.",2019,Trump Administration,ASSISTANT TO THE PRESIDENT FOR STRATEGIC INITIATIVES,Female,Employee,Per Annum,183000.0
"Sanders,Sarah H.",2019,Trump Administration,ASSISTANT TO THE PRESIDENT AND PRESS SECRETARY,Female,Employee,Per Annum,183000.0
"Scavino,Daniel J.",2019,Trump Administration,ASSISTANT TO THE PRESIDENT AND SENIOR ADVISOR FOR DIGITAL STRATEGY,Male,Employee,Per Annum,183000.0
"Schlapp,Mercedes Viana",2019,Trump Administration,ASSISTANT TO THE PRESIDENT AND SENIOR ADVISOR FOR STRATEGIC COMMUNICATIONS,Female,Employee,Per Annum,183000.0
"Stone,Roger L.",2019,Trump Administration,DEPUTY ASSISTANT TO THE PRESIDENT AND DIRECTOR OF WHITE HOUSE INFORMATION TECHNOLOGY,Male,Employee,Per Annum,168000.0
"Swonger,Amy H.",2019,Trump Administration,DEPUTY ASSISTANT TO THE PRESIDENT AND DEPUTY DIRECTOR OF LEGISLATIVE AFFAIRS,Female,Employee,Per Annum,168000.0
"Todd,Kathryn L.",2019,Trump Administration,DEPUTY COUNSEL TO THE PRESIDENT,Female,Employee,Per Annum,168000.0
"Turner,Eric S.",2019,Trump Administration,EXECUTIVE DIRECTOR OF THE WHITE HOUSE OPPORTUNITY AND REVITALIZATION COUNCIL,Male,Detailee,Per Annum,179700.0
"Ueland,Eric M.",2019,Trump Administration,ASSISTANT TO THE PRESIDENT FOR LEGISLATIVE AFFAIRS,Male,Employee,Per Annum,183000.0
"Walsh,Daniel P.",2019,Trump Administration,ASSISTANT TO THE PRESIDENT AND DEPUTY CHIEF OF STAFF FOR OPERATIONS,Male,Employee,Per Annum,183000.0
"Berkowitz,Avrahm J.",2020,Trump Administration,ASSISTANT TO THE PRESIDENT AND SPECIAL REPRESENTATIVE FOR INTERNATIONAL NEGOTIATIONS,Male,Employee,Per Annum,183000.0
"Block,Monica J.",2020,Trump Administration,DEPUTY ASSISTANT TO THE PRESIDENT AND DIRECTOR OF WHITE HOUSE MANAGEMENT AND ADMINISTRATION AND DIRECTOR OF THE OFFICE OF ADMINISTRATION,Female,Employee,Per Annum,168000.0
"Brown,Peter J.",2020,Trump Administration,SPECIAL REPRESENTATIVE FOR DISASTER RECOVERY,Male,Detailee,Per Annum,190289.0
"Cipollone,Pasquale A.",2020,Trump Administration,COUNSEL TO THE PRESIDENT,Male,Employee,Per Annum,183000.0
"Conway,Kellyanne E.",2020,Trump Administration,ASSISTANT TO THE PRESIDENT AND SENIOR COUNSELOR,Female,Employee,Per Annum,183000.0
"Dannenfelser,Martin J.",2020,Trump Administration,SENIOR POLICY ADVISOR,Male,Detailee,Per Annum,170800.0
"Doyle,Emma K.",2020,Trump Administration,ASSISTANT TO THE PRESIDENT AND DEPUTY CHIEF OF STAFF FOR POLICY TO THE FIRST LADY,Female,Employee,Per Annum,183000.0
"Droege,Philip C.",2020,Trump Administration,DIRECTOR OF RECORDS MANAGEMENT,Male,Employee,Per Annum,170800.0
"Eisenberg,John A.",2020,Trump Administration,DEPUTY COUNSEL TO THE PRESIDENT FOR NATIONAL SECURITY AFFAIRS AND LEGAL ADVISOR TO THE NATIONAL SECURITY COUNCIL,Male,Employee,Per Annum,183000.0
"Farah,Alyssa A.",2020,Trump Administration,ASSISTANT TO THE PRESIDENT AND DIRECTOR OF STRATEGIC COMMUNICATIONS,Female,Employee,Per Annum,183000.0
"Gidley,John H.",2020,Trump Administration,DEPUTY ASSISTANT TO THE PRESIDENT AND PRINCIPAL DEPUTY PRESS SECRETARY,Male,Employee,Per Annum,168000.0
"Gilmartin,Kayleigh M.",2020,Trump Administration,ASSISTANT TO THE PRESIDENT AND PRESS SECRETARY,Female,Employee,Per Annum,183000.0
"Grisham,Stephanie A.",2020,Trump Administration,ASSISTANT TO THE PRESIDENT AND CHIEF OF STAFF TO THE FIRST LADY AND SPOKESPERSON,Female,Employee,Per Annum,183000.0
"Haidet,Michael B.",2020,Trump Administration,DEPUTY ASSISTANT TO THE PRESIDENT FOR PRESIDENTIAL SCHEDULING AND ADVANCE,Male,Employee,Per Annum,168000.0
"Haley,Vincent M.",2020,Trump Administration,"DEPUTY ASSISTANT TO THE PRESIDENT AND ADVISOR FOR POLICY, STRATEGY, AND SPEECHWRITING",Male,Employee,Per Annum,168000.0
"Harrison,William B.",2020,Trump Administration,DEPUTY ASSISTANT TO THE PRESIDENT FOR OPERATIONS,Male,Employee,Per Annum,168000.0
"Hicks,Hope C.",2020,Trump Administration,ASSISTANT TO THE PRESIDENT AND COUNSELOR TO THE PRESIDENT,Female,Employee,Per Annum,183000.0
"Hoelscher,Douglas L.",2020,Trump Administration,DEPUTY ASSISTANT TO THE PRESIDENT AND DIRECTOR OF INTERGOVERNMENTAL AFFAIRS,Male,Employee,Per Annum,168000.0
"Hudson,Hope R.",2020,Trump Administration,DEPUTY ASSISTANT TO THE PRESIDENT AND CHIEF OF STAFF TO THE SENIOR COUNSELOR,Female,Employee,Per Annum,168000.0
"Huff,Daniel N.",2020,Trump Administration,ADVISOR,Male,Detailee,Per Annum,179700.0
"Jack,Brian T.",2020,Trump Administration,DEPUTY ASSISTANT TO THE PRESIDENT AND DIRECTOR OF POLITICAL AFFAIRS,Male,Employee,Per Annum,168000.0
"Kalbaugh,David E.",2020,Trump Administration,EXECUTIVE CLERK,Male,Employee,Per Annum,170800.0
"Keller,Catherine B.",2020,Trump Administration,DEPUTY ASSISTANT TO THE PRESIDENT AND DEPUTY STAFF SECRETARY,Female,Employee,Per Annum,168000.0
"Kloster,Andrew R.",2020,Trump Administration,ASSOCIATE DIRECTOR,Male,Detailee,Per Annum,170800.0
"Kudlow,Lawrence A.",2020,Trump Administration,ASSISTANT TO THE PRESIDENT FOR ECONOMIC POLICY,Male,Employee,Per Annum,183000.0
"Lichter,Jennifer B.",2020,Trump Administration,DEPUTY ASSISTANT TO THE PRESIDENT FOR DOMESTIC POLICY,Female,Employee,Per Annum,168000.0
"Luna,Nicholas F.",2020,Trump Administration,ASSISTANT TO THE PRESIDENT AND DIRECTOR OF OVAL OFFICE OPERATIONS,Male,Employee,Per Annum,183000.0
"Lyons,Derek S.",2020,Trump Administration,ASSISTANT TO THE PRESIDENT AND COUNSELOR TO THE PRESIDENT,Male,Employee,Per Annum,183000.0
"Martinez,Cecilia I.",2020,Trump Administration,ADVISOR,Female,Detailee,Per Annum,161730.0
"McEntee,John D.,II",2020,Trump Administration,ASSISTANT TO THE PRESIDENT AND DIRECTOR OF PRESIDENTIAL PERSONNEL,Male,Employee,Per Annum,183000.0
"McLean,Sean L.",2020,Trump Administration,ASSOCIATE DIRECTOR,Male,Detailee,Per Annum,170800.0
"Meadows,Mark R.",2020,Trump Administration,ASSISTANT TO THE PRESIDENT AND CHIEF OF STAFF,Male,Employee,Per Annum,183000.0
"Miller,Max L.",2020,Trump Administration,DEPUTY ASSISTANT TO THE PRESIDENT AND DIRECTOR OF PRESIDENTIAL ADVANCE,Male,Employee,Per Annum,168000.0
"Miller,Stephen",2020,Trump Administration,ASSISTANT TO THE PRESIDENT AND SENIOR ADVISOR TO THE PRESIDENT FOR POLICY,Male,Employee,Per Annum,183000.0
"Navarro,Peter K.",2020,Trump Administration,ASSISTANT TO THE PRESIDENT FOR TRADE AND MANUFACTURING POLICY,Male,Employee,Per Annum,183000.0
"Nevins,Kristan K.",2020,Trump Administration,ASSISTANT TO THE PRESIDENT AND CABINET SECRETARY,Female,Employee,Per Annum,183000.0
"Niceta,Anna C.",2020,Trump Administration,DEPUTY ASSISTANT TO THE PRESIDENT AND SOCIAL SECRETARY,Female,Employee,Per Annum,168000.0
"O'Brien,Robert C.",2020,Trump Administration,ASSISTANT TO THE PRESIDENT AND NATIONAL SECURITY ADVISOR,Male,Employee,Per Annum,183000.0
"Pataki,Timothy A.",2020,Trump Administration,DEPUTY ASSISTANT TO THE PRESIDENT AND DIRECTOR OF THE OFFICE OF PUBLIC LIAISON,Male,Employee,Per Annum,168000.0
"Philbin,Patrick F.",2020,Trump Administration,DEPUTY COUNSEL TO THE PRESIDENT,Male,Employee,Per Annum,168000.0
"Pilkerton,Christopher M.",2020,Trump Administration,EXECUTIVE DIRECTOR OF OPPORTUNITY NOW,Male,Detailee,Per Annum,170800.0
"Pottinger,Matthew F.",2020,Trump Administration,ASSISTANT TO THE PRESIDENT AND DEPUTY NATIONAL SECURITY ADVISOR,Male,Employee,Per Annum,183000.0
"Purpura,Michael M.",2020,Trump Administration,DEPUTY COUNSEL TO THE PRESIDENT,Male,Employee,Per Annum,168000.0
"Rader,John N.",2020,Trump Administration,DEPUTY ASSISTANT TO THE PRESIDENT FOR STRATEGIC INITIATIVES,Male,Employee,Per Annum,168000.0
"Radford,Julie T.",2020,Trump Administration,DEPUTY ASSISTANT TO THE PRESIDENT AND CHIEF OF STAFF TO THE ADVISOR,Female,Employee,Per Annum,168000.0
"Rollins,Brooke L.",2020,Trump Administration,ASSISTANT TO THE PRESIDENT AND ACTING DIRECTOR OF THE DOMESTIC POLICY COUNCIL,Female,Employee,Per Annum,183000.0
"Sayle,Desiree T.",2020,Trump Administration,DEPUTY ASSISTANT TO THE PRESIDENT AND DIRECTOR OF PRESIDENTIAL CORRESPONDENCE,Female,Employee,Per Annum,168000.0
"Scavino,Dan J.",2020,Trump Administration,ASSISTANT TO THE PRESIDENT AND DEPUTY CHIEF OF STAFF FOR COMMUNICATIONS,Male,Employee,Per Annum,183000.0
"Smith,Ja'Ron K.",2020,Trump Administration,DEPUTY ASSISTANT TO THE PRESIDENT AND DEPUTY DIRECTOR OF THE OFFICE OF AMERICAN INNOVATION,Male,Employee,Per Annum,168000.0
"Stone,Roger L.",2020,Trump Administration,DEPUTY ASSISTANT TO THE PRESIDENT AND DIRECTOR OF WHITE HOUSE INFORMATION TECHNOLOGY,Male,Employee,Per Annum,168000.0
"Swonger,Amy H.",2020,Trump Administration,ASSISTANT TO THE PRESIDENT AND ACTING DIRECTOR OF THE OFFICE OF LEGISLATIVE AFFAIRS,Female,Employee,Per Annum,183000.0
"Todd,Kathryn L.",2020,Trump Administration,DEPUTY COUNSEL TO THE PRESIDENT,Female,Employee,Per Annum,168000.0
"Williamson,Benjamin D.",2020,Trump Administration,DEPUTY ASSISTANT TO THE PRESIDENT AND SENIOR ADVISOR TO THE CHIEF OF STAFF AND SENIOR COMMUNICATIONS ADVISOR,Male,Employee,Per Annum,168000.0
